-- Sample data for Fitness Club Management System

USE fitness_club;
SET FOREIGN_KEY_CHECKS=0;

-- Insert sample trainers
INSERT INTO trainers (first_name, last_name, email, phone, specialization, hire_date, status) VALUES
('Иван', 'Петров', 'ivan.petrov@fitness.com', '+7-999-111-1111', 'Силовые тренировки', '2023-01-15', 'active'),
('Мария', 'Сидорова', 'maria.sidorova@fitness.com', '+7-999-222-2222', 'Йога и пилатес', '2023-02-20', 'active'),
('Алексей', 'Смирнов', 'alexey.smirnov@fitness.com', '+7-999-333-3333', 'Кардио и аэробика', '2023-03-10', 'active'),
('Елена', 'Волкова', 'elena.volkova@fitness.com', '+7-999-444-4444', 'Боксинг и кикбоксинг', '2023-04-05', 'active'),
('Дмитрий', 'Морозов', 'dmitry.morozov@fitness.com', '+7-999-555-5555', 'Плавание', '2023-05-12', 'active'),
('Виктор', 'Козлов', 'viktor.kozlov@fitness.com', '+7-999-606-0606', 'Функциональный тренинг', '2023-06-01', 'active'),
('Светлана', 'Новикова', 'svetlana.novikova@fitness.com', '+7-999-707-0707', 'Растяжка и гибкость', '2023-07-10', 'active'),
('Артем', 'Васильев', 'artem.vasilyev@fitness.com', '+7-999-818-1818', 'Кроссфит', '2023-08-15', 'active'),
('Оксана', 'Зайцева', 'oksana.zaytseva@fitness.com', '+7-999-919-1919', 'Пилатес', '2023-09-01', 'active');

-- Insert sample membership types
INSERT INTO membership_types (name, description, duration_days, price, gym_access, pool_access, group_classes_access, visits_limit) VALUES
('Разовое посещение', 'Одно посещение тренажерного зала', 1, 500.00, TRUE, FALSE, FALSE, 1),
('Месячный - Тренажерный зал', 'Месячный абонемент на тренажерный зал', 30, 3000.00, TRUE, FALSE, FALSE, NULL),
('Месячный - Полный доступ', 'Месячный абонемент со всеми услугами', 30, 5000.00, TRUE, TRUE, TRUE, NULL),
('Квартальный - Полный доступ', 'Квартальный абонемент со всеми услугами', 90, 13500.00, TRUE, TRUE, TRUE, NULL),
('Годовой - Полный доступ', 'Годовой абонемент со всеми услугами', 365, 50000.00, TRUE, TRUE, TRUE, NULL),
('Месячный - Бассейн', 'Месячный абонемент на бассейн', 30, 2000.00, FALSE, TRUE, FALSE, NULL),
('Месячный - Групповые занятия', 'Месячный абонемент на групповые занятия', 30, 2500.00, FALSE, FALSE, TRUE, NULL),
('Недельный - Тренажерный зал', 'Недельный абонемент на тренажерный зал', 7, 1200.00, TRUE, FALSE, FALSE, NULL),
('Недельный - Полный доступ', 'Недельный абонемент со всеми услугами', 7, 2000.00, TRUE, TRUE, TRUE, NULL);

-- Insert sample clients
INSERT INTO clients (first_name, last_name, email, phone, date_of_birth, gender, medical_restrictions, fitness_goals, status) VALUES
('Сергей', 'Евтеев', 'sergey.evteev@email.com', '+7-999-666-6666', '1990-05-15', 'M', 'Нет', 'Набор мышечной массы', 'active'),
('Анна', 'Петрова', 'anna.petrova@email.com', '+7-999-777-7777', '1995-08-22', 'F', 'Нет', 'Похудение и кардио', 'active'),
('Владимир', 'Иванов', 'vladimir.ivanov@email.com', '+7-999-888-8888', '1988-03-10', 'M', 'Проблемы со спиной', 'Укрепление спины', 'active'),
('Ольга', 'Сидорова', 'olga.sidorova@email.com', '+7-999-999-9999', '1992-11-30', 'F', 'Нет', 'Йога и гибкость', 'active'),
('Павел', 'Смирнов', 'pavel.smirnov@email.com', '+7-999-101-0101', '1985-07-18', 'M', 'Нет', 'Общая физическая подготовка', 'active'),
('Екатерина', 'Волкова', 'ekaterina.volkova@email.com', '+7-999-202-0202', '1998-02-14', 'F', 'Нет', 'Боксинг', 'active'),
('Николай', 'Морозов', 'nikolay.morozov@email.com', '+7-999-303-0303', '1987-09-25', 'M', 'Астма', 'Плавание', 'active'),
('Татьяна', 'Кузнецова', 'tatyana.kuznetsova@email.com', '+7-999-404-0404', '1993-12-08', 'F', 'Нет', 'Пилатес', 'active'),
('Максим', 'Лебедев', 'maxim.lebedev@email.com', '+7-999-505-0505', '1991-04-20', 'M', 'Нет', 'Кроссфит', 'active'),
('Ирина', 'Соколова', 'irina.sokolova@email.com', '+7-999-606-0606', '1994-06-12', 'F', 'Нет', 'Аэробика', 'active'),
('Игорь', 'Федоров', 'igor.fedorov@email.com', '+7-999-707-0707', '1989-10-03', 'M', 'Нет', 'Силовой тренинг', 'active'),
('Виктория', 'Романова', 'victoria.romanova@email.com', '+7-999-808-0808', '1996-01-25', 'F', 'Нет', 'Йога', 'active'),
('Денис', 'Орлов', 'denis.orlov@email.com', '+7-999-909-0909', '1986-08-14', 'M', 'Нет', 'Восстановление после травмы', 'active'),
('Людмила', 'Белова', 'ludmila.belova@email.com', '+7-999-010-1010', '1992-03-30', 'F', 'Нет', 'Общее оздоровление', 'active'),
('Андрей', 'Павлов', 'andrey.pavlov@email.com', '+7-998-111-2233', '1990-01-01', 'M', 'Нет', 'Набор массы', 'active'),
('Марина', 'Семенова', 'marina.semenova@email.com', '+7-998-222-3344', '1995-02-02', 'F', 'Нет', 'Похудение', 'active'),
('Александр', 'Голубев', 'alex.golubev@email.com', '+7-998-333-4455', '1988-03-03', 'M', 'Нет', 'Силовые', 'active');

-- Insert sample memberships
INSERT INTO memberships (client_id, membership_type_id, start_date, end_date, price_paid, discount_applied, visits_remaining, status, purchase_date) VALUES
(1, 3, '2025-12-01', '2026-01-01', 5000.00, 0.00, NULL, 'active', '2025-12-01 10:00:00'),
(2, 2, '2025-12-01', '2026-01-01', 3000.00, 0.00, NULL, 'active', '2025-12-01 10:05:00'),
(3, 4, '2025-12-01', '2026-03-01', 13500.00, 0.00, NULL, 'active', '2025-12-01 10:10:00'),
(4, 5, '2025-12-01', '2026-12-01', 50000.00, 0.00, NULL, 'active', '2025-12-01 10:15:00'),
(5, 6, '2025-12-02', '2026-01-02', 2000.00, 0.00, NULL, 'active', '2025-12-02 11:00:00'),
(6, 7, '2025-12-02', '2026-01-02', 2500.00, 0.00, NULL, 'active', '2025-12-02 11:05:00'),
(7, 8, '2025-12-03', '2025-12-10', 1200.00, 0.00, NULL, 'active', '2025-12-03 12:00:00'),
(8, 9, '2025-12-03', '2025-12-10', 2000.00, 0.00, NULL, 'active', '2025-12-03 12:05:00'),
(9, 1, '2025-12-04', '2025-12-05', 500.00, 0.00, 1, 'active', '2025-12-04 13:00:00'),
(10, 2, '2025-12-05', '2026-01-05', 3000.00, 0.00, NULL, 'active', '2025-12-05 14:00:00'),
(11, 3, '2025-12-06', '2026-01-06', 5000.00, 0.00, NULL, 'active', '2025-12-06 15:00:00'),
(12, 4, '2025-12-07', '2026-03-07', 13500.00, 0.00, NULL, 'active', '2025-12-07 16:00:00'),
(13, 5, '2025-12-08', '2026-12-08', 50000.00, 0.00, NULL, 'active', '2025-12-08 17:00:00'),
(14, 6, '2025-12-09', '2026-01-09', 2000.00, 0.00, NULL, 'active', '2025-12-09 11:10:00');

-- Insert sample group classes
INSERT INTO group_classes (name, description, trainer_id, room_number, max_participants, duration_minutes) VALUES
('Йога для начинающих', 'Базовый курс йоги для всех уровней', 2, 1, 20, 60),
('Аэробика', 'Интенсивная кардио тренировка', 3, 2, 25, 45),
('Пилатес', 'Укрепление корпуса и гибкость', 2, 3, 15, 60),
('Боксинг', 'Боксерская подготовка и техника', 4, 4, 12, 60),
('Силовая тренировка', 'Тренировка с отягощениями', 1, 5, 20, 60),
('Плавание для взрослых', 'Обучение плаванию и техника', 5, 7, 15, 60),
('Кроссфит', 'Функциональная тренировка', 1, 6, 15, 45),
('Бокс', 'Занятия по боксу', 4, 1, 12, 60),
('Плавание', 'Обучение плаванию', 5, 2, 10, 45),
('TRX', 'Функциональный тренинг с петлями TRX', 6, 3, 15, 55),
('Стретчинг', 'Занятия по растяжке', 7, 4, 20, 45);

-- Insert sample class schedules
INSERT INTO class_schedule (class_id, day_of_week, start_time, end_time) VALUES
(1, 'Monday', '09:00:00', '10:00:00'),
(1, 'Wednesday', '09:00:00', '10:00:00'),
(1, 'Friday', '09:00:00', '10:00:00'),
(2, 'Monday', '10:30:00', '11:15:00'),
(2, 'Wednesday', '10:30:00', '11:15:00'),
(2, 'Friday', '10:30:00', '11:15:00'),
(3, 'Tuesday', '14:00:00', '15:00:00'),
(3, 'Thursday', '14:00:00', '15:00:00'),
(4, 'Monday', '18:00:00', '19:00:00'),
(4, 'Wednesday', '18:00:00', '19:00:00'),
(4, 'Friday', '18:00:00', '19:00:00'),
(5, 'Tuesday', '07:00:00', '08:00:00'),
(5, 'Thursday', '07:00:00', '08:00:00'),
(5, 'Saturday', '10:00:00', '11:00:00'),
(6, 'Monday', '16:00:00', '17:00:00'),
(6, 'Wednesday', '16:00:00', '17:00:00'),
(7, 'Tuesday', '19:00:00', '19:45:00'),
(7, 'Thursday', '19:00:00', '19:45:00'),
(8, 'Monday', '17:00:00', '18:00:00'),
(8, 'Wednesday', '17:00:00', '18:00:00'),
(9, 'Tuesday', '08:00:00', '09:00:00'),
(9, 'Thursday', '08:00:00', '09:00:00'),
(10, 'Monday', '15:00:00', '16:00:00'),
(10, 'Wednesday', '15:00:00', '16:00:00'),
(11, 'Tuesday', '12:00:00', '13:00:00'),
(11, 'Thursday', '12:00:00', '13:00:00');

-- Insert sample attendance records
INSERT INTO attendance (client_id, membership_id, check_in_time, check_out_time, zone_accessed) VALUES
(1, 1, '2025-12-15 09:00:00', '2025-12-15 10:30:00', 'gym'),
(2, 2, '2025-12-15 09:05:00', '2025-12-15 10:00:00', 'gym'),
(3, 3, '2025-12-16 11:00:00', '2025-12-16 12:30:00', 'gym'),
(4, 4, '2025-12-16 11:30:00', '2025-12-16 13:00:00', 'gym'),
(5, 5, '2025-12-17 14:00:00', '2025-12-17 15:00:00', 'pool'),
(6, 6, '2025-12-17 14:05:00', '2025-12-17 15:30:00', 'classes'),
(7, 7, '2025-12-18 16:00:00', '2025-12-18 17:00:00', 'gym'),
(8, 8, '2025-12-18 16:05:00', '2025-12-18 17:30:00', 'gym'),
(9, 9, '2025-12-19 09:00:00', '2025-12-19 10:30:00', 'gym'),
(10, 10, '2025-12-19 11:00:00', '2025-12-19 12:00:00', 'gym'),
(11, 11, '2025-12-20 15:00:00', '2025-12-20 16:30:00', 'gym'),
(12, 12, '2025-12-20 17:00:00', '2025-12-20 18:00:00', 'classes'),
(13, 13, '2025-12-21 08:00:00', '2025-12-21 09:00:00', 'gym'),
(14, 14, '2025-12-21 19:00:00', '2025-12-21 20:30:00', 'gym');

-- Insert sample class enrollments
INSERT INTO class_enrollments (client_id, schedule_id, class_date, attendance_status) VALUES
(1, 1, '2025-12-16', 'attended'),
(2, 2, '2025-12-17', 'attended'),
(3, 3, '2025-12-18', 'enrolled'),
(4, 4, '2025-12-19', 'enrolled'),
(5, 5, '2025-12-20', 'enrolled'),
(6, 6, '2025-12-16', 'attended'),
(7, 7, '2025-12-17', 'attended'),
(8, 8, '2025-12-18', 'enrolled'),
(9, 9, '2025-12-19', 'enrolled'),
(10, 10, '2025-12-20', 'attended'),
(1, 11, '2025-12-17', 'enrolled'),
(12, 4, '2025-12-18', 'enrolled'),
(4, 7, '2025-12-19', 'enrolled'),
(6, 8, '2025-12-19', 'enrolled'),
(11, 9, '2025-12-18', 'enrolled'),
(13, 10, '2025-12-19', 'attended'),
(14, 11, '2025-12-20', 'enrolled'),
(3, 1, '2025-12-20', 'enrolled'),
(5, 2, '2025-12-18', 'enrolled'),
(7, 3, '2025-12-17', 'attended'),
(9, 4, '2025-12-19', 'enrolled'),
(10, 5, '2025-12-20', 'enrolled'),
(15, 1, '2025-12-23', 'enrolled'),
(16, 2, '2025-12-23', 'enrolled'),
(17, 3, '2025-12-24', 'attended');

-- Insert sample personal training sessions
INSERT INTO personal_training_sessions (client_id, trainer_id, session_date, duration_minutes, status, notes) VALUES
(1, 1, '2025-12-18 08:00:00', 60, 'scheduled', 'Программа набора мышечной массы'),
(2, 3, '2025-12-19 10:00:00', 60, 'scheduled', 'Кардио тренировка'),
(3, 1, '2025-12-17 15:00:00', 60, 'completed', 'Укрепление спины'),
(5, 1, '2025-12-20 07:00:00', 60, 'scheduled', 'Общая подготовка'),
(6, 4, '2025-12-21 18:00:00', 60, 'scheduled', 'Боксерская техника'),
(9, 1, '2025-12-18 09:00:00', 60, 'scheduled', 'Кроссфит тренировка'),
(10, 3, '2025-12-19 11:00:00', 60, 'completed', 'Аэробная подготовка'),
(11, 2, '2025-12-17 14:00:00', 60, 'completed', 'Йога и растяжка'),
(12, 1, '2025-12-20 08:00:00', 60, 'scheduled', 'Силовой тренинг'),
(13, 3, '2025-12-21 10:00:00', 60, 'scheduled', 'Восстановление'),
(14, 2, '2025-12-22 15:00:00', 60, 'scheduled', 'Пилатес'),
(4, 4, '2025-12-16 18:00:00', 60, 'completed', 'Боксерская техника'),
(7, 5, '2025-12-18 16:00:00', 60, 'scheduled', 'Плавание'),
(8, 1, '2025-12-19 07:00:00', 60, 'scheduled', 'Силовая подготовка'),
(1, 1, '2025-12-20 10:00:00', 60, 'scheduled', 'Силовая подготовка'),
(2, 2, '2025-12-21 11:00:00', 60, 'completed', 'Восстановление'),
(3, 3, '2025-12-22 12:00:00', 60, 'scheduled', 'Кроссфит тренировка'),
(4, 4, '2025-12-23 13:00:00', 60, 'completed', 'Общая подготовка'),
(5, 5, '2025-12-24 14:00:00', 60, 'scheduled', 'Программа набора мышечной массы'),
(15, 2, '2025-12-20 09:00:00', 60, 'scheduled', 'Боксерская техника'),
(16, 3, '2025-12-21 10:00:00', 60, 'completed', 'Аэробная подготовка'),
(17, 1, '2025-12-22 11:00:00', 60, 'scheduled', 'Программа набора мышечной массы');

-- Insert sample training journal entries
INSERT INTO training_journal (session_id, exercise_name, sets, reps, weight, notes) VALUES
(3, 'Становая тяга', 4, 8, 100.0, 'Хорошая форма'),
(3, 'Приседания', 4, 10, 80.0, 'Контролируемое движение'),
(3, 'Жим лежа', 3, 8, 70.0, 'Полная амплитуда'),
(8, 'Отжимания', 3, 15, NULL, 'Хороший прогресс'),
(8, 'Подтягивания', 3, 10, NULL, 'Увеличить количество'),
(11, 'Поза лотоса', 1, 30, NULL, 'Улучшенная гибкость'),
(11, 'Наклон вперед', 3, 20, NULL, 'Хорошее растяжение'),
(12, 'Жим штанги', 4, 6, 120.0, 'Максимальный вес'),
(12, 'Тяга штанги', 4, 8, 100.0, 'Контролируемое движение'),
(13, 'Велотренажер', 1, 30, NULL, 'Кардио восстановление'),
(14, 'Скручивания', 3, 20, NULL, 'Работа на пресс'),
(14, 'Планка', 3, 60, NULL, 'Увеличение времени');

-- Insert sample promotions
INSERT INTO promotions (name, description, discount_percentage, discount_amount, start_date, end_date, applicable_membership_types, status) VALUES
('Новогодняя скидка', 'Скидка 10% на все абонементы', 10.00, NULL, '2025-12-01', '2026-01-31', '1,2,3,4,5,6,7,8,9', 'active'),
('Скидка для студентов', 'Скидка 15% на месячные абонементы', 15.00, NULL, '2025-01-01', '2025-12-31', '2,3,6,7,8', 'active'),
('Семейный пакет', 'Скидка 500 рублей при покупке 2+ абонементов', NULL, 500.00, '2025-01-01', '2025-12-31', '3,4,5,9', 'active'),
('Зимняя акция', 'Скидка 20% на полный доступ', 20.00, NULL, '2025-12-15', '2026-02-28', '3,4,5,9', 'active'),
('Приведи друга', 'Скидка 1000 рублей при приведении друга', NULL, 1000.00, '2025-01-01', '2025-12-31', '3,4,5', 'active');

-- Insert sample users
INSERT INTO users (username, password, role, client_id, trainer_id) VALUES
('admin', md5('pass123'), 'admin', NULL, NULL),
('trainer1', md5('pass123'), 'trainer', NULL, 1),
('client1', md5('pass123'), 'client', 1, NULL),
('director', md5('pass123'), 'director', NULL, NULL),
('trainer2', md5('pass123'), 'trainer', NULL, 2),
('trainer3', md5('pass123'), 'trainer', NULL, 3),
('client2', md5('pass123'), 'client', 2, NULL),
('client3', md5('pass123'), 'client', 3, NULL);

-- Sample data for feedback
INSERT INTO `feedback` (`client_id`, `feedback_type`, `content`, `status`) VALUES
(1, 'suggestion', 'Было бы здорово добавить больше кардио-тренажеров.', 'new'),
(2, 'complaint', 'В раздевалке не работает один из душей.', 'in_progress'),
(3, 'question', 'Можно ли заморозить абонемент на время отпуска?', 'resolved');

-- Insert sample client progress
INSERT INTO client_progress (client_id, measurement_date, weight, height, body_fat_percentage, notes) VALUES
(1, '2025-11-01', 85.5, 180.0, 15.2, 'Начальные замеры'),
(1, '2025-12-01', 87.2, 180.0, 14.8, 'Прогресс в наборе массы'),
(2, '2025-11-15', 65.0, 165.0, 22.5, 'Начало программы похудения');

-- Insert sample training programs
INSERT INTO training_programs (trainer_id, name, description) VALUES
(1, 'Набор массы для начинающих', '3-дневная сплит-программа для новичков'),
(1, 'Силовая программа 5x5', 'Классическая программа для увеличения силы');

-- Insert sample program exercises
INSERT INTO program_exercises (program_id, exercise_name, sets, reps, notes) VALUES
(1, 'Приседания со штангой', 4, '8-12', 'День 1: Ноги'),
(1, 'Жим лежа', 4, '8-12', 'День 2: Грудь/Трицепс'),
(1, 'Становая тяга', 3, '5-8', 'День 3: Спина/Бицепс'),
(2, 'Приседания', 5, '5', 'Тяжелые веса'),
(2, 'Жим лежа', 5, '5', 'Тяжелые веса'),
(2, 'Тяга в наклоне', 5, '5', 'Тяжелые веса');

-- Insert sample client programs
INSERT INTO client_programs (client_id, program_id, assigned_date) VALUES
(1, 1, '2025-12-10');

-- Insert sample trainer availability
INSERT INTO trainer_availability (trainer_id, start_time, end_time, reason) VALUES
(1, '2025-12-25 12:00:00', '2025-12-25 14:00:00', 'Личные дела');

SET FOREIGN_KEY_CHECKS=1;
